"this year, the russian studies program will be further developed by new faculty member zhanna dologopolova.",1989-1990
"w&l contacted dologopolova at a teacher\'s conference in washington, » d.c. last december.",1989-1990
"‘ barbara l. abbott, instructor, department of psychology; jeffrey c. .barnett, instructor, department of romance languages; christopher a. camuto, instructor, department of english; zhanna dologopolova, assistant professor of russian, department of german; don dresser, instructor, department of politics; john druzbick, associate professor of physics; and jarvis a. hall, abd fellow, department of politics.",1989-1990
".~.._._....  ‘ ‘  \' fine men’s clothing  9 102 w. washington st.  9  i  ; welcome freshmen  q  bugs -wooltlch  ‘i —bass weejuns -flannel shirts : _sem shirts -khaki pants 6 -w&l belts, ties & keychains  i  o  i  i  r~ summer clearance still in progress  visa, mastercharge & student accounts  3 teach at   w&l  it’s as if i entered a fairy tale,"" dologopolova said.",1989-1990
"in addition to teaching, dologopolova will help prepare w&l students for exchange trips to the soviet union.",1989-1990
"dologopolova says she would love to return to the soviet union to visit, but would not retum there to live.",1989-1990
dologopolova (russian) [see story this page] is a native of the soviet  in spanish at the  part-time reappointment in english) earned his b.a.,1989-1990
"(1973) from colgate university doctoral         rare    bowhunting clinic given by ron neville—state champion  saturday, sept. 23  bring your bow for practice shooting & tuning q  m   18 e. nelson st., lexington 463-1800 guns 0 archery 0 fishing  rockbridge \'s bowhuming headquarters.’ ‘  the ring-tum phi, september 7 1989  dologopolova thinks one of her greatest achievements is publishing a book.",1989-1990
"dologopolova has a 21-year-old  son, who attends the national institute of dramatic arts in australia.",1989-1990
"to s p.m. monday through friday, and admission is free. .  arts); darcy l. russell (biology); zhanna dologopolova (russian).",1989-1990
"‘‘take some sort of responsible attitude about this alcohol awareness week,’’ he said, ‘‘don’t make your pledges be the gophers, get involved.”’     rush.",1990-1991
"the trip to st. petersburg includes day trips to famous sites such as the hermitage, st. isaac’s cathedral and the palace of catherine the great, according to a press release from w&l assistant professor of russian zhana dolgopolova.",1991-1992
"on overnight trips, students may visit moscow, pskov and novgorod.  . led by dolgopolova, w&l _ students will spend six hours a day in intensive russian studies.",1991-1992
"one of the most important aspects of the trip is the cultural experience gained by the students, dolgopolova said.",1991-1992
dolgopolova said the accommodations are nothing like dormitories in the united states.,1991-1992
"the food in russia is just as unpredictable, but cheap, dolgopolova said.",1991-1992
dolgopolova warned students with picky eating habits to be prepared.,1991-1992
"“if cafeteria food should not please may be bought with dollars elsewhere, or you might bring along a peanut butter jar,” dolgopolova said.",1991-1992
"williamson, noting that her name is now better known than the govemor’s, knows he must change the contest from a choice between ‘ ‘a 43-year-old white guy and a 44-year-old black woman with a nice smile.”  sitting in her county building office, smiling serenely, she seems to know what he says he knows: other things being equal, in a contest today between a man and a woman, 50 percent of voters are indifferent, 10 per mg. williarnson’s attacks include some gop golden oldies.",1992-1993
fewer than three in 10 of the state\'s votes are cast in chicago and williamson hopes that downstate voters are still chicagophobic.,1992-1993
"in 1964 barry goldwater pro4 duced a constructive defeat, making the gop a fighting force for conservatism.",1992-1993
"he is currently off in the wilderness somewhere hunting wild gophers with some, one named ted nugent.",1992-1993
"registration for fall classes will begin on monday, may 3 and continue through friday, may 7.course listings will be available on the liberty gopher thursday and in print  story of this institution, i will not disturb you with e details of her encounter.",1992-1993
"part of the new system includes gopher, a campus-wide information system.",1993-1994
"in addition, gopher now contains several step-bystep guides to using the computer system itself.",1993-1994
blackmer said that the gopher system is constantly being updated.,1993-1994
"the gop is rightly concerned that     patrick mcdermorr\'r ’94 i  north’s background and extreme views have the poten tial of severely damaging the credibility of the party as a whole, much like the candidacy of david duke (former grand wizard in the ku klux klan) for governor of louisiana.",1993-1994
"in beach, the gop has taken a well regarded, though hardly exciting, legislator and turned  a nothing compared to that of his col even more astounding than that of rep. leach given d’amato’s history.",1993-1994
of supporting or being aware of the “1% rule.”  this involved government workers being coerced into giving 1% of their salary to the gop.,1993-1994
gop had learned     cans who wanted the president to  can members of the con \'.,1993-1994
"if the members of the gop think the american people can’t recognize partisanship when they see it, they are sorely mistaken.",1993-1994
:\\-iggopﬁria fri & sat.,1993-1994
"former joint chiefs chairman and potential gop presidential nominee gemeral colin powell has said, “based on my work experience with him [north], and my knowledge, colonel north is  not someone i would sup rt or vote for.",1994-1995
professors and students have vcr_v differingopinions on the pros and cons of washington and l.ee’s first fall break.,1994-1995
"gift wrap, ups sﬁgoping, gjt i i voucﬁers, advice and ﬁel\'_p amex, uisa, and k i i mastercarb weicome    ‘i \\/vest  vlr(3lnia 24450 i i 1"" i i ———————————————————————————— ""\' "" i ""v"" i f ""7. i i i i i i i i i  : : 1 « ~ i i \' \' i i : \' i i | i book l 5 with this coupon 1 ’ i c i ladies ’ shoes, clothing l j!",1994-1995
he told them to expect a different relationship with the united states following the gop tidal wave.,1994-1995
"hang around the office, or just be a gopher, we would be glad to have you as part of our staff.",1994-1995
"the season because of a clause in  his contract that allowed him to pursue a buyout if the gop ever  regained control of both houses, john travolta got an oscar nomination, weber state made the ncaa tournament, oil can boyd ever played baseball again, and a woman was elected president of w&l’s student conduct committee.",1994-1995
"get ready for mock con: see page 2 for gop watch  topping this list was harvard, princeton, yale, and stanford.",1995-1996
wilson remains in single digits in most national polls of gop presidential primary voters.,1995-1996
gop watch is compiled by alex christensen  fever  well.,1995-1996
gop watch     parties clash over medicaid and medicare budget cuts  in recent weeks gop activity foreshadowed the controversy over what will undoubtedly be one of the most complex issues of the 1996 campaign.,1995-1996
"however, the proposed cuts are a continued cause for concern among those who had hoped for less stringent attacks from the gop leaders on foreign affairs budgets.",1995-1996
"beyond the blue ridge and gop watch are compiled by peggy stuntz and laura knapp  the \'n ph° tember 22 1995     w&l leads its students to the information superhighway  by alex christensen phi staff writer  “the information superhighway”—the high-tech future of information in a global age, or just another media—generated catch-phrase designed to make anybody without an e-mail address feel hopelessly behind the times?",1995-1996
"although many say by ethan krupp one of wilhams’ most notable investments that perot himself lacks the popularity to run again in i996, any third party phi staff writer was in 1977 when he purchased as many shares candidate withthe backing of perot’s supporters could poseaseriousthreat of berkshire hathaway as he could find for to the gop’s candidate.",1995-1996
"only through his gigta, but thagiaiaglh the new agency will be most visible during major events although williamsmade hisfortunethrougah hisii_m6,i3l6iits,8iid energy, s81 0i’m€t _ \' h \' dd\'t‘ l ff t \' re the streets of lexinginvestments and sales, he never took any poli— president john d. wilson to the w&l alumni beyond the blue watch gop watch are ioiifrerggfilgiiz s()luli?cll1.aaos f1(fl\'eirl?e(l)(’.ll\'[l)::lty of roanoke’s agents tics, commerce or economics courses while he magazine.",1995-1996
"gramm, however, contends that his willingness to bring the issue onto the ﬂoor will play a major role in the gop’s choice of a presidential nominee.",1995-1996
"gop watch is compiled by peggy stuntz and laura knapp      the ring-tum phi, october 6, 1995  simpson verdict   captivates campus  by dan odenwald phi executive editor  where were you when the o.j.",1995-1996
"beyond the blue ridge and gop watch are compiled by peggy stuntz and laura knapp  a   mock con gets $10,000 grant  by emrr.y baker phi executive editor  the 1996 mock convention received a $10,000 grant from the ethics and excellence in journalism foundation, an oklahoma city foundation.",1995-1996
"beyond the blue ridge and gop watch are compiled by peggy stuntz and laura knapp  phi eta sigma to hold induction  bv ryan beaman phi staff writer  the washington and lee chapter of phi eta sigma, a national honor society for freshmen, will induct 56 students this friday at 3:30 p.m. in northen auditorium.",1995-1996
"while it is true that the gop will continue to have problems with building solid majorities until it ﬁgures out how to dredge its metaphorical pond of this very real scum, it is also true that the significant battles of governance will take place on a gop battlefield.",1995-1996
"aw 5° °° p 395""“ y t 9 *5 editor s note: gop watch is a special i 1. cl y’ th h d §“ h. p if f in it o us we aren‘_:° omas a 0 excuse ""me “pi,” _e 9:15 and 9:30 p.m. on that same night.",1995-1996
"q p    s   e d des moines, la—senate majority leader and leading gop presidentwo, there is a profound absence of privacy.",1995-1996
"says he has learned a great lesson in politics. .  gop watch is compiled by peggy stuntz and laura knapp  currently, vmi believes they odds are against them.",1995-1996
"the ring-tum phi  post office box 899 lexington, virginia 24450 telephone (540)462-4059  fax (540) 462-4060  e-mail phi@wiu.edu  gop congress must protect environment  nova clarke, ’96  let ’s talk about money.",1995-1996
"winter courses  the course listings forwinter term registration have been posted to the university registrar page at “http:// www.wlu.edu/~registra,” and to the liberty gopher.",1995-1996
"after the holidays, mock con will practice with different political scenarios to help direct them in successfully choosing the gop nominee in march.",1995-1996
"after friday’s gala, the next mock con event will be held tuesday, november 14. william kristol, editor of the standard and prominent gop strategist, will speak on the media and the presidential race.",1995-1996
"merrill’s endorsement gives a “major boost to the gop front-runner in the first primary state.”  gop watch is compiled by peggy stuntz and laura knapp  n  the ring-tum phi, november 10, 1995  alum puts w&l sports on film  by emily baker phi executive editor  while many in the washington and lee class of 1995 are still looking for jobs, 23-year-old keith grant already has a book and a movie deal lined up.",1995-1996
"recognizing this, gop leaders now plan to attach the amendment to the upcoming bill to keep the government in operation and raise the nation’s debt limittemporarily,which mustbepassed by approximately nov. 13, to avoid the first default on government debts in history.",1995-1996
"ofprotectzonsforfreesociation of re indiana rep‘ tired persons r e s e n t a t i v e dam of consclence° (aarp) receives david m. mclnmillions every tosh, one of the year from the tax 73 house gop freshmen, states the case for the istook amendment this way: “all we are asking is that these groups make a choice.",1995-1996
gop watch is compiled by peggy stuntz and laura knapp  ‘happen at the worst possibl  swimmers face pool problems  by emily baker phi executive editor  a problem with the pump of washington and l_.ee’s 23-year-old swimming pool caused swim team members to miss four days of practice earlier this month.,1995-1996
"although many agencies have received approval for funding through the end of the ﬁscal year, some facing the january 26 cutoff fear that they could face very serious reductions in operations if gop budget cuts go according to plans.",1995-1996
"3302 "" gop watch is compiled by peggy stuntz and laura knapp betsy green, phi photo editor ,;(  jenna cowles and dana hood prepare pi phi for rush.",1995-1996
"beyond the blue ridge is compiled by peggy stuntz  w. patrick hinely, w&l photographer     editor\'s note: gop watch is a special ‘weekly feature to keep washington and lee\'s students informed about the re~rehm»fr°m page 1 publican presidential campaign in advance of mock convention.",1995-1996
"he could appear to not be payi  . . _ v . attention at all in class, and then the professor would be like, ‘todd?’, and th  gop watch 1s compiled osii)“t2\\s£)l[i}$ir?",1995-1996
"gop watch is compiled by laura knapp  women leaders unite for dinner, anniversary ,  by sara, mccrone  argued that female w&l students would be “young ladies on the prowl” and would turn w&l into “the              the rin -tum phi februa 2 1996‘     example, there was a huge back—up of angry studehts‘ in the graham-lees laundry room: no one had °  phi staff writer  it seemed like a repeat performance of rush as women filed into the university center, dressed to the nines and sporting name tags and 100-watt smiles.",1995-1996
"gop watch is compiled by laura knapp chec out moc conv nticgi’ web ite: http: www.moc con.w u.e u?~moc con/  elrod says honor, civility, truth bind w&l  bv melissa byrd phi staff writer  sation.”  for president john elrod, washington and lee’s future is told in the teach ings of historic intellectuals.",1995-1996
"after a few minutes, ross jumps up and strides over to platform director andrew olmem’s corner where the two begin speaking in gopese.",1995-1996
"ross has personally befriended lance tarranoe, the gop pollster and mock con advisor.",1995-1996
"or visit us on the lltterrwl at goplwr://tin-crel\'.org, or bttp:/lwww.tia|a-erulluqg.",1995-1996
gop watch is compiled by laura knapp  by mandy stallard special to the phi  so you thought you had fun at mardi gras?,1995-1996
"gop watch     despite these signs of spring, the weather for f.d.",1995-1996
: an t h o loc.y p a rt two : y  harlot to the homestead \' ° ‘ gop watch is compiled ‘fen  nelson : 25 s’ jﬁtiferson 464 4059 : b l kna lexington.,1995-1996
":1 or visit us on (lie lnieriiz-1 ail gopher://tiua-«trellnrg,  (fl ‘a .",1995-1996
_.un$eling services; .\'the.gbehg§vior   _.      gop watch       editor’s note: gop watch is a regular election.,1995-1996
"making the choice for life  ends & means joshua heslinga ‘98  story over the past few weeks,  months, or even years, without hearing about the great ﬁssure in the gop over the party ’s pro-life platform plank.",1996-1997
"he strives for his interns to ‘actually do something’, and not have them be ofﬁce gophers.",1996-1997
"“this program gives students an outstandingopportunity to pursuetheirown scientific research, one of the most important aspects of scientific training,” said cathryn manduca, research associated at carleton college which is the headquarters for the consortium.",1996-1997
i*lnediningoptions.,1996-1997
the generals proceeded to silence the gophers 2-0 extending their season record to 6-0.  h ollister h 0 vey/photo editor  women’s soccer extends   winning streak to 10  by frances groberg ———:—-j—-—— staff wrner  the washington and lee women’s soccer team is just unbeatable.,1997-1998
"“i will basically be a gopher for my february break.”  the first weekend of the break, feb. 13-15, kim willjoin some friends in wintergreen, va. at senior hillary martin’s cabin.",1997-1998
">1  --ﬁfong sitzﬂirepor si  mock gop convention 2000 applications are now available for 1 positions of secretary and trea surer outside of carol caulkins’ ofﬁce v \' logo ,        rt.",1997-1998
gopher head coach troy snyder said he chalked w&l’s first four goals up to his team’s sub-par performance.,1998-1999
"sophomore jordan ginsburg took over for murphy in the second half, recording one save and letting in one gopher goal offofa penalty kick at 60:56.  thursday, the generals narrowly missed a chance for their ﬁrst conference win, coming away with a 0-0 tie on their trip to emory & henry college.",1998-1999
"with little else but their hats on, sigma phi epsilon pledges mimic tom jones’ hit “you can leave your hat on.”      2  photo by emily bames/photo editor      photo by emily bames/photo editor  mock con goes to washington  thirteen mock con organizers travel to the capital, meet up with gop big wigs  by polly doig  news editor  prominent california rep. chris cox awaits his limo.",1998-1999
larry flint won’t be the only citizen paying millions to get dirt on the sexual pasts of the gop.,1998-1999
"{1o aura pue zinb siqi asn ‘iou 31 [grad 01 dn [ms aﬁpa -[mom] gqw moa s1 (gop noﬁ pip mop]  ‘no,( man smoms j0 sozosus ‘sayio uosiod psiosgui us 3; poiuom aq1,uop os ‘sn.iia sip uieiuoa iou  op sczoaus pus sjb91 ‘moms ‘gnu \'17} ‘.i3l[10u.i 911130 >[1iui 1se9.lq our 11101} am 198 use 1; ‘uioq si /{qizq 9l[1.i91_,}12 u9a3 ‘gnu ‘gt ‘aih 3011193 go aoueqo mo/( aonpsi /([12:13 suiopuoo x9121 ‘k].i9d0.id pasn uaqaa \'9i‘l.i_l \'31 \'no/( 01 1; paoids iouueo uos -rad pswagui ua /(q pasn s[amo1 pun sizes  191101 ‘sxuis qiim ioeiuog \'9s1e_.",1998-1999
"none of these subjects, however, had     nearly the effect on me as her commentary on what direction the gop should take if it wants to survive and find a place among the younger generations.",1998-1999
doing so could very well be the only hope for the gop.,1998-1999
"“new species have been observed to arise in nature during historical time.” i then went on to name the new plant species (spartina anglica, tragopogon mirus and tragopogon miscellus) and the progenitors from which they arose.",1999-2000
"while discussing potential gop vice-presidential nominees, several students suggested oklahoma rep. j .c.",1999-2000
"“this country is dying for minority leadership, especially in the gop,” he said.",1999-2000
