this yankee liberal hopes to be hearin’ from y\'all in the next phi.,1989-1990
"get a job  challenge, a liberal—arts cavreer fair, will be held on thursday, oct. 26 at the student activities pavilion.",1989-1990
"of u.s. senators or representatives, app lcllllolls wl asseisse {ha or as mg on also seniors lahning lo allond the washington term program or they work in the white house, $25.llll°’ illel facully\'nda 50’ ‘e llellls‘ ilia \'cl_lal_le§lge liberal arts _ f provides washington and lee according to ingrid schroeder.",1989-1990
beth anne tysdale randolph-macon woman’s college escort: lee grable kappa alpha comment “i strongly support the liberal arts schools in virginia and speciﬁcally w&l.,1989-1990
"if there is any point in having such a committee at a liberal arts school, then it seems logical that such a committee would promote the same kind of atmosphere that is conducive to a liberal arts education an education which, under ideal circurnstances, promotes an open exchange of ideas for the benefit of none other than those who have the courage to exchange them.",1989-1990
"in the u.s. news ranking of “national liberal-arts colleges,” washington and lee placed 18th out of the top 25 schools.",1989-1990
"in its category of “national liberal arts colleges,” w&l finished as the overall best buy.",1989-1990
"i / / , / /  i‘ v i;  liberal houseuow e .. ’ /~:._.",1989-1990
"(i honestly think that our school can afford a new system and owes it to its students, especially since we were ranked as the number one best buy in a liberal arts education in the oct. 16 issue of u.s. news and world report.)",1989-1990
"“there was a very good range of companies represented, from the highly technical ones to the more general types of companies, and they were all interested in liberal arts students,” said henneman.",1989-1990
"a even many respected liberal legal scholars,  while agreeing with the decision, think that the legal reasoning is poor.",1989-1990
"according to charles bracelen flood, author of lee.‘ the last years, a group of swiss liberals decided to commission a painting to celebrate the union victory in the civil war.",1989-1990
4. consider the following quote: “i just don’t find people masturbating very artistic at all.” does this reflect the thinking of a student of a fine liberal-arts institution?,1989-1990
"a  . q: on page 65 of self-consciousness you said, ""nevertheless, however liberal my views, i had no dealings with blacks either as equals or as ‘ servants and was shy and nervous about them.",1989-1990
"also, i hope i’m a sufficiently good american , and a good liberal not to be... who knows what i really felt?",1989-1990
i was trying to describe my own feelings and my own reaction and using my reaction which wasn\'t a straight-down-the-line liberal reaction as an index for my own political character.,1989-1990
"perhaps my most memorable "" visit, the visit to washington and lee aside, was a trip to small, northeastern liberal arts school.",1989-1990
"""their program of study must be liberal arts oriented.""",1989-1990
"there are currently about 240 chapters at liberal arts and humanities oriented colleges and universities all over the country, said goehring.",1989-1990
"“almost all applicants mentioned course load as a  honor code, the role of washington and lee in training community leaders, appreciating the character of the student body and molding that character to the aims of liberal education.""",1989-1990
"“sports are critical to a liberal education,” said howison.",1989-1990
the former encourages liberal spending; the latter results in frustrated decorations chairmen.,1989-1990
daisy’s liberal sexual attitude is appropriately symbolized by a green light at the end of gatsby’s dock  letters  sororities.,1989-1990
this study is in no way a liberal crusade to wipe out sororities and fraternities on this  once  attention.,1989-1990
"kennan concluded, “the final answer might be an unpleasant one, but... we should not hesitate before police repression by the local government... it is better to have a strong regime in power than a liberal government if it is indulgent and relaxed and penetrated by the communists.”  the latin american people themselves could have democracy only if they chose their leaders from within the pool of candidates acceptable to the united states.",1989-1990
"they’re just gonna have to suck it up.”  in october, w&l was named a “best buy"" in liberal arts colleges by u.s. news and world report.",1989-1990
"l\'—‘r£5h a2/v r‘/51/,     d     looking back as a liberal  my voo doo by robert j. de maria  modern economic historians have recorded a crazy-quilt pattern of mergers, take—overs and other ﬁscal shenanigans that would have made the lateeighties bad-boy ivan boesky puff up with pride.",1989-1990
other problems with the new majors include protests by stubborn liberal females.,1989-1990
"at this time a young leader, whose distinguishing characteristic  ~was not a spot on his head, but his shortness in height, was all the rave among the liberals in europe.",1989-1990
"that liberal among liberals, ludwig van  the ring-tum phl, may 10, 1990  h0 w/lam $5/an/5 r£ally weeks   ‘""1              beethoven, even composed a symphony in his honor.",1989-1990
yet he did not remain in the liberals‘ favor for long.,1989-1990
"though he did codify laws and remove hundreds of tiny monarchies, he did very little to spread liberalism throughout europe.",1989-1990
"and all the while, gorby sits irﬁ moscow, merely waiting as his promises of liberalism stand idly by.",1989-1990
"in years past, the student body accumulated a small surplus each year, allowing the ec to provide liberal budgets without too much fear of an unexpected deﬁcit.",1989-1990
howison: one of the principles of a liberal arts education is that you’re exposed to new ideas.,1990-1991
"he was a frequent contributor to the spectator, and | recall several good-natured debates with him about the course of liberal jurisprudence in this country.",1990-1991
"he decried the tendency of ‘‘liberal’’ judges to be obsessively concerned with the rights of the accused, the careful adherence to procedure, and even the right to privacy.",1990-1991
i look forward to further elaboration of the spectator’s new liberalism.,1990-1991
"while most concede that the liberals did not invent judicial activism, no one  by rick peltz  john quinn, ’91, shreveport, la ‘tear night is an evening full of sound and fury, signifying nothing.’’     justice brennan resurrected, refined, and perfected its art.",1990-1991
"for nearly thirty years, it seemed that every liberal special interest group had their time at bat in the supreme court.",1990-1991
"the liberals and the nation ignored the congress, allowing its members to forget their constitutes in favor of lucrative pacs and the power-brokering game of throwing other people’s money at every social ill which somehow struck _ the conscience of a heartless political body.",1990-1991
the liberals thought they had  when ronald reagan slipped through their choke hold on the nation.,1990-1991
"though much of the constitution’s safeguards lay in ruin due to their efforts, the liberals have not -as yet -effectively dismantled its system of checks and balances.",1990-1991
"as the first generation of liberal judicial activists retired, many of whom appointed by republican presidents in good faith, ronald reagan had the opportunity to restore much of the judicial system, unquestioned.",1990-1991
"for the liberals, bork’s confirmation did not pose the question of judicial activism versus constructionism, they were concerned only with how activist the judge was and for what political purpose.",1990-1991
"the liberals wrote letters to congressional leaders, appealed to the nation through the media, and acted as though the supreme court were a political body.",1990-1991
"his digression on liberal judges is interesting, but it has nothing to do with the dorm counselor raid.",1990-1991
"of course, dean ruscio does not believe that the spectator is ‘liberal’?",1990-1991
liberal — the other 30 percent.,1990-1991
"u.s. news ranks w&l 15th     by cathy lopiccolo assignment editor     washington and lee is ranked 15th in a list of the top 25 liberal arts colleges, according to the oct. 15 issue of u.s. news and world report.",1990-1991
"william cocke in the w&l news office said the university has also been named the ""best buy"" among liberal-arts colleges for the second year in a row in the magazine’s 199] best colleges book, which will be released monday.",1990-1991
the top two categories are national universities and national liberal-arts colleges.,1990-1991
"amherst college placed first among national liberal-arts colleges with a perfect score of 100. w&l, the only liberal-arts college in virginia to appear on the list, received a score of 86.2. harvard university topped the list of national universities for the first time, while the university of virgina placed 18th with a score of 89.3.  according to w & l president john d, wilson, the u.s. news rankings are more valid now than they have been in the past.",1990-1991
"the top 25 national liberal arts colleges                 #13  24  . amherst college, ma  .",1990-1991
"a     phi gamma delta simone schonenberger, w&l ’91 escort: rick hughs comment: ‘‘studying a year abroad in germany has allowed me to appreciate the unique opportunities that w&l offers.”     sigma phi epsilon  claire devignier, randolph-macon’92  escort: pete castiglione comment: ‘‘i firmly believe in an academically demanding liberal arts education.",1990-1991
"after observing drug and alcohol surveys from other southeastern universities, dean of students david howison said alcohol and drug use at w&l  is similar to patterns at other comparable small, liberal arts schools.",1990-1991
i ae  is that not what a liberal arts education is all about?,1990-1991
"‘*for 27 years, i have tried to dispel the image that i was a liberal, that i believed in civil rights, that i believed in the nonviolence thing, but to no avail.",1990-1991
"but i reasoned that if i became associated with sen. jesse helms, everybody would immediately know that i was not a liberal.’’  meredith also said that in the year he has worked for helms, he has not encountered racism of any kind in the organization.",1990-1991
"we don’t need to reinvent the wheel.’’ the reply of a berkeley student when asked if they are protesting to relive the nostalgic, liberal-infested days of the late 1960’s: ‘‘we don’t want to be hippies or anything, we’re just concerned with what’s going on.",1990-1991
"we want to see all of the soldiers (and mar    coach thanks wé&l fans  ines) come home soon and safely.’’  are aware of how important their support is to the  i must admit the news of student insurgency at toops in saudi arabia, why don’t the students at tnese bastions of liberalism doesn’t surprise me, teputable institutions of higher education?",1990-1991
a 1990 national survey of college seniors indicated that three times more w&l students were satisfied with their student government and their voice in influencing college policies than students at comparable liberal arts colleges.,1990-1991
"this liberal policy,  which is based on the honor system, has gotten out of hand.",1990-1991
"‘there must be a sense of comprehensiveness in academic effort and a strong evidence of scholarship in the liberal arts and  sciences,’’ said goehring.",1990-1991
the publications board decided not to fund the publication on the basis that it would be a politically liberal forum and they cannot fund a politically ideological paper.,1990-1991
or maybe it was because ‘‘free-thinking’’ seems to denote ‘‘liberal’’ (or ‘‘pinko-commie bastard’’) rather than ‘‘intellectual.,1990-1991
apparently she is not ‘‘black’’ enough to satisfy her liberal white colleagues.,1990-1991
"she is the recipient of the bruno kreisky award for human rights, the liberal international woman of the year award for 1989, the averell harriman democracy award and the united nations development fund for women award in 1990.  bhutto has written two books, foreign policy in perspective (1987) and daughter of the east (1988).",1990-1991
those army wieners be damned.”’ the out artice cited w&l’s  “‘steady march toward outright liberalism’’ as a main criterion for its selection.,1990-1991
"w&l ranks last among the top 25 national liberal arts colleges in the percentage of alumni that contribute, and the school has made a ‘‘considerable effort’’ to raise the percentage, mcmahon said.",1990-1991
‘‘the media was very interested in whether he was going to announce his candidacy.’’  mcgovern told the crowd he will run if no other candidate emerges who will stand for the liberal achievements of the democratic parly.,1990-1991
tional liberal arts .,1990-1991
so the illiberal educators come up with other reasons to disparage it.,1990-1991
"but don’t you dare question the academy or,  any of the illiberal faculty members!",1990-1991
"washington and lee, as the spectator continually espouses, is a liberal arts college.",1990-1991
a liberal arts education is one which liberates the mind.,1990-1991
"she really convinced us that she had an understanding of a liberal arts college,’’ peppers said.",1990-1991
"this liberal policy, based on the honor system, has gotten out of hand.",1991-1992
quote of the week  harkin admits to being a liberal.,1991-1992
past ecs have been reluctant to fund organizations perceived as politi       u.s. news & world report top 25 liberal arts colleges  williams college (mass.),1991-1992
"24. occidental college (calif.) 25. hamilton college (n.y.)     ©92 nonroens  ranking drops, but some still shop for the best buy  u.s. news dropped washington and lee from 15th to 22nd place in its latest ranking of america’s best liberal arts colleges.",1991-1992
"according to the magazine, out this week, w&l is still the best buy ina liberal arts education.",1991-1992
their liberal experiments with dividing the freshman classes by race and interest have been ended.,1991-1992
‘as long as we\'re appearing in the top 25 — as lone of the elite liberal arts schools in the country — we’re in good shape.”’  the magazine named w&l the | 22nd-best national liberal arts college jin its fifth annual guide to ‘‘amerjica’s best colleges.’’ last year w&l was 15th.,1991-1992
w&l is the least expensive of the top 25 liberal arts schools.,1991-1992
"“the important thing is staying the ‘best buy’ among national liberal arts colleges,’’ howison said.",1991-1992
"the overall rankings compare 140 national liberal arts colleges on the basis of academic reputation, selectivity, faculty-resources, total financial resources and student satisfaction.",1991-1992
"every sunday, for example, i walk around the backyard with a large grocery bag and my trusty double-pronged scooping implement and pick up the dog droppings that have accumulated over the week — damn good thing i have a liberal arts degree.",1991-1992
"randall p. bezanson, dean of the law school  ec erred in not funding aclu  to the editor:  due to the eagerness which w&l publications display for labeling people as liberal or, even worse, politically correct, i begin this letter with a disclaimer: i am not a member of the aclu (american civil liberties union), and i strongly disagree with almost everything it does.",1991-1992
"we believe the administrators, like thomas litzenburg and dennis manning, are why washington and lee is one of the nation’s best liberal arts colleges.",1991-1992
"there are several names for this revolution...pluralism, multiculturalism, diversity,’’ said dinesh d\'souza, author of the controversial book, illiberal education: the politics of sex and race on campus.",1991-1992
davidson was ranked 21st and w&l 22nd among the nation’s top liberal arts colleges.,1991-1992
he has been dragged through the mud by the liberal establishment and by the media and i am ashamed as a fellow citizen of this nation that he has had to endure such a thing.,1991-1992
"the liberals try |  miller responds to phi article  to the editor:  after reading last week’s headline story, i was appalled and thoroughly disgusted in the way that i was treated in that article.",1991-1992
"if thomas loses the battle, this will prove that congress now has supreme power over the judicial branch of government, and that congress will only confirm those who pay homage to special groups, and to liberal congressmen and congresswomen.",1991-1992
"jobs and law  seniors seeking jobs in new york, philadelphia, and san fransisco-los angeles must submit resumes for the selective liberal arts college consortium by 4 p.m. on oct. 25 in the cdp office.",1991-1992
"richard hill, in his my view last week, stated that clarence thomas was a winner in the confirmation process even though he was attacked by ‘‘the liberal establishment and by the media’’ and that he had suffered not the american dream, but the american nightmare.",1991-1992
"to register, call 1-800-545-1970 by nov. 15.  jobs  seniors seeking jobs in new york, philadelphia, and san francisco-los angeles must submit resumes for the selective liberal arts college consortium by 4 pm.",1991-1992
"ment.’’  according to barry-rec, she and her husband settled in virginia because it has the most liberal laws for parents to home-school their children.",1991-1992
"heidi traulsen, calyx business manager and pub board member, said that regardless of the editors’ intentions for this year with the new charter, the traveller was already ‘‘seen as liberal by the campus’’ and thus should not be recognized by the pub board.",1991-1992
"‘‘even in the face of all this pc stuff and after the liberal decades, the students keep their love for their school alive.",1991-1992
"barnard college (n.y.)     top 25 liberal arts colleges (ranked by endowment)  per student  name endowment 6/30/89)  swarthmore college (pa.) $231,871 $304,911,000 grinnell college (lowa) $214,995 $294 ,328,000 pomona college (calif.) $192,646 $271,053,000 amherst college (mass.)",1991-1992
"$68,849 $74,035,000 davidson college (n.c.) $56,340 $79,496,000  washington and lee university $53,637  as shown in u.s. news and world report, october 19, 1989  total endowment  (market value  $101,169,000 $113,160,000 $123,309,000 $53,629,863 $43,969,000  $53,302 $45,334 $34,511 $20,290        one of the major goals of the soon-to-be-announced capital campaign is to improve w&l’s endowment in comparison to  other top liberal arts colleges.",1991-1992
w&l’s ranking dropped seven places from 15th to 22nd place in u.s. news and world report\'s september ranking of america’s best liberal arts colleges.,1991-1992
"“‘as long as we’re appearing in the top 25 — as one of the elite liberal arts schools in the country — we’re in good shape,’’ murphy said in october.",1991-1992
w&l currently stands in the lower third of the nation’s top 25 liberal arts colleges ranked by endowment per student.,1991-1992
"‘‘shall we perpetuate the old prejudice which has existed for ages, and has only succumbed to some extent to the liberalism of the twentieth century?",1991-1992
"mr. mackenzie evidently revels in his self    opinion  page 3                 letters  proclaimed glory as the liberal ‘‘campus wit.’’ (unfortunately, he has a lot of competition.)",1991-1992
"let us not forget, mr. mackenzie, that limousine liberals like you are constantly shrieking about economic inequality.",1991-1992
i enjoyed having democratic and liberal views in print until.,1991-1992
"i, sir, also consider myself a democrat, and a liberal.",1991-1992
"s  ’ 4, i consider myself neither a democrat nor a liberal.",1991-1992
"g oal b oun d  after radford, the team can really  photo by leigh allen, the ring-tum phi     start to focus and begin to prepare for the liberal arts invitational.’’ in w&l’s pre-season opener.",1991-1992
"they get their chance today at depauw university in indiana, where the generals begin swimming in the three-day liberal arts invitational.",1991-1992
"freshman catcher todd stanton had three hits and drove in two run, and junior jon  w&l women’s swimmers take 5th at depauw  by erin mckinney phi staff reporter        the washington and lee  women’s swimming team ended their |}  season last weekend with a respectable fifth-place finish at the liberal arts invitational at depauw university.",1991-1992
"“it was tough to swim (at liberal arts) coming off of odacs,”’ said jacobs.",1991-1992
"the generals gained some well-deserved respect by placing third at the liberal arts invitational, behind wabash and depauw.",1991-1992
"‘‘but i think everybody was ready to go to their keg parties.’’  all the speakers at the convention proposed what they called a ‘new vision’’ for the democratic party: a breaking away from the traditional, liberal moorings that have characterized the party since the time of franklin d. roosevelt.",1991-1992
"‘*we tried to propose things that are different from the traditional, liberal, interest group platforms that the democrats have put out before.’’  during most of the convention, delegates were supposed to act like their real-life counterparts, even if      stonewall square     photo by teresa williams, the ring-tum phi  wé&l dems gop platform  w&l students, we welcome you to our your next haircut.",1991-1992
"midwest regional coordinator cottie miles « presented a more liberal position than , that of the platform: that medical care, like legal representation, should » be given freely to those who can’t | afford it.",1991-1992
"take your most liberal estimate on what you think you\'ll need and add at least $50, depending on your spending habits.",1991-1992
"in an effort to score points with its highbrow liberal counterparts, the law school has abandoned its mission of solid teaching of substantive fundamentals,  instances such as this go a long way towards explaining our school’s fall from grace in the eyes of our profession, our alumni and our community.",1991-1992
"liberalism developed when liberty was threatened by the forces of  has shifted, to the disadvantage of democrats.",1992-1993
"“they ‘sgid we had a liberal agenda, but they  uldn’t back it up.”  walsh also said the magazine would not have relied on the pub board for printing costs.",1992-1993
"but to williarnson’s charge that she is a “far-out left-wing liberal” from “the chicago machine,” she replies, smiling, that the charge is “an oxymoron” because the machine is inhospitable to far-out left-wing liberals.",1992-1993
"despite the rainy + weather and dreary skies, the races in charlottesville still  ington and lee 22nd among national liberal arts colleges.",1992-1993
"w&l’s operating budget is lower than other liberal arts schools because of low tuition and the fact that w&l does not use tuition revenue to fund scholarships, litzenburg said.",1992-1993
"‘ a"" w&l students are still the smartest shoppers aroimd. .   -w&l “ranked number one in “best buys"" among ‘yiliberal arts schools in u.s. news and world report\'s .",1992-1993
"allpossessed of limited intellects but powerful prejudices, the federalists know that its easy to relax in lexingare young men and women so upset by the liberalizing influences of worldlinesg ton, and the possibility of something and education that as their horizons broaden to about the diameter of apinhead like this happening here is remote.",1992-1993
"washington philadelphia new y0tk san francisco chicago the selective liberal arts consortium (slac) .‘ v job fairs are for you,   with impressive numbers of good companies: , i‘ "" §l0$9t_th0"" ~ ~ you think!",1992-1993
"§ctmeider said the aclu wants _ 0 get students more involved with s°h""°\'de"" e bill of rights and that a liberal arts university has an 0 bligation to educate its students about national and interna\'onal issues.",1992-1993
"recent administration testimony supporting nafta resulted in this cockamamie headline:  “trade pact could cost up to 150,000 jobs”  the administration also says there would be 325,000 new jobs created in the ﬁrst five years, a net gain of 175,000.  but stay with the idea of “lost jobs.” lftlie mentality common among nafta’s liberal critics had prevailed when the automobile industry was in its  infancy, government might have strangled the infant  _ in its cradle—in the name of “compassion,"" of course.",1992-1993
"washington philadelphia new york san francisco  the office of career planning and placement at the university of virginia invites you to attend the  k financial aid for spring term abroad programs     chicago then you need to meet this important deadline: resumes due in the cdp oﬂ‘ice before 4:00 p.m. on friday oct 23. to review company descriptions and learn about submitting resumes, come to the career development and placement office  the selective liberal arts consortium (slac)       ninth annual minority career day:  tuesday, november 3, i992 omni hotel ~ downtown charlottesville  1992-93 financial aid form must be on file in the financial aid office to receive financial aid for spring term abroad.",1992-1993
"the democratic nominee for sena tor is robert abrams, the state’s attor= = ney general, who recently madenewsi  by skipping manhattan’s columbus day parade and calling his opponent, two-term incumbent alfonsed’arnato, a “fascist.” abrams is a liberal in good standing (wants to cut defense spending 50 percent; favors gay rights as a litmus test for judicial norriinees) but did not duck the parade for the correct liberal reason (that columbus was a fascist who inflicted eurocentri sin and syphilis on the indigenous peoples of the north american paradise).",1992-1993
"for more inforrriation call 463-8984.  cd&p  the deadline for submitting resumes for the selective liberal arts consortium job fairs in new york city, chicago, washington, d.c., philadelphia and san francisco is friday, oct. 23 by4p.m.",1992-1993
"that was a contrast to schneider’s liberal image on campus, arising from his association with the aclu.",1992-1993
his party is full of believers in litigious liberalism.,1992-1993
liberals confuse an adjective (“fair”) with an argument.,1992-1993
actionary liberalism —— defense of factions strongly organized and skillfully represented in washington.,1992-1993
“the women’s forum was not a group of braburning liberals.,1992-1993
their activism is both a cause and consequence of “interest-group liberalism”—belief in brokering maximum satisfactions for the maximum number of factions.,1992-1993
"this seems to be due primarily to misconceptions about the nature of amnesty international, which is not a liberal, radical, or politically partisan group.",1992-1993
"after 1988, the democratic chorus seemed to have shrunk to a duet of blacks and white liberals.",1992-1993
our liberal policy is being abused entirely too often.,1992-1993
"patterson says his research on wilson and the interview both gave an impression of the president as a true man of letters, a staunch and vocal ‘advocate of liberal arts education.",1992-1993
"greg sandage  to the editor:  i realize that the inaugural ball has created some hysteria among the nation’s liberal populace, but if the recent actions of this faction’s branch at washington & lee is any indication of future behavior, then the nation is in deep trouble.",1992-1993
"the increasingly liberal administration, with notable exceptions, has refused to recognize the defamation of one of the university’s most historic and powerful organizations.",1992-1993
they have ignored the words of the college republicans who favor idea exchanges and actual brain activity instead of the wallet activity of the more liberal clubs.,1992-1993
it is time for the liberals to come down to earth.,1992-1993
"“my senior year, w&l was at its best as a liberal arts institution,” he said.",1992-1993
"in spite of the fact that they will probably graduate with a degree from one of the finest liberal arts schools in the country and land a job earning large sums of money, they will be altogether absent of any perspective other than their own.",1992-1993
"fukuyam a, who wrote the end of history and the last man  \\i‘iith,l._he‘ fallaoflcommunist d authoritarian regimes, history has fulﬁlled its p rpose: the recognition of liberal democracy as  the most effective form of government.",1992-1993
"this is an cxampleof what can be called “mandate liberalism”: if the government is strapped for funds, make the private sector spend.",1992-1993
"due to the recent trend of liberal movements on college campuses, many newspapers and maga kathekon  kathekon, w&l’s student     needed  dance choreographer for spring term musical production at the lenfest center.",1992-1993
"i made the argusome 50,-t offeat-fult-c*5 ‘ms; 3  ._ of their own doctrine and feelings, allpleasures and disgusts line for applications is march 5. p rnentthat theliberal contingent like-5 t0 sporise from me.",1992-1993
"\'    sociate position in 1993-94 should r1ip0ter1t liberal m0verher1t"" of the eel‘ intellect, enoughpride,orenough faith, punishable by law.",1992-1993
"lenfest said his liberal arts and law education taught him “how to think"" and allowed him to excel in different areas.",1992-1993
"the republicans have been deliberately allowing appointments to pass without undue harassment because they are anxious to see the government start acting its “magic.” zoe baird had received this treatment with a complementary endorsement by senator orrin g. hatch of utah but suffered the first blows of rejection at the hands of ralph nader of the democratic left wing when he labeled the lawyer an “anti-consumer tool of corporate interest.” following the nader attack, the public found baird to be a rich, liberal socialite living in a fancy new haven, conn.. with a chauffeur-driven car and the memberofanciglrlxniiootlzissocintimr lfying l()l1l0(‘l\\ ll(\\llsllll[ for punt kills  ll .\\‘(\'t‘lll.\\\' that mvlvml\\ lll the ruin.",1992-1993
"i would not pay this much for a liberal school,” sophomore jackie vanvliet said.",1992-1993
"it would stop persecuting him if he would accept the punishment prefeied by totalitarian regimes and american campus liberals; re-education, in the form of “sensitivity” training.",1992-1993
i know that some on the ec fear than open funding policy would precipitate an avalanche of liberal organizations ranting and raving about the university\'s shortcomings.,1992-1993
".-.-, . .  vative citadel from a liberal siege.",1992-1993
"if liberal suppon should proliferate in the wake of a funding policy, an effect 1 would embrace ifnot expect, we ought to receive that outcome as a popular response reflecting student body sentiment.",1992-1993
"if an open policy sparks liberal activity, so be it.",1992-1993
any honest administrator will tell you that the only major reason that w&l is not seen in that precious top ten list of liberal arts colleges is our total  was only at that  moment that it truly occurred to me that you were leaving.,1992-1993
"leyburn was head of the department of sociology and anthropolgy until 1967, retiring as dean and professor emeritus in 1972.  almost as soon as he began his career at w&l, leybum proposed strengthening the university’s academic standards and making the curriculum closer to the liberal arts ideal.",1992-1993
"personally, though mr. mcdermott and other like—minded illiberal won’t believe it, i bear no ill will towards professor hedquist.",1992-1993
"and for that they were greeted with nothing less than the hypocritical, unqualified r sentment of a small, but vocal, minority within the w&l community whose best definition of diversity is to convert washington and lee into one of any number of small liberal-arts colleges that currently clutter the landscape of higher education.",1992-1993
"as i recall, professor peck offered a vigorous defense of professor hedquist’s right to free speech, and an extended analysis and critique of the illiberal climate of opinion, sown and cultivated by the spectator, that resulted in the harassment of professor hedquist for well over a year.",1992-1993
you came to one of the best liberal arts universities in the country because you wanted to be challenged.,1993-1994
"“his legacy lives on in our commitmentto teaching and to the liberal arts.”  “his concepts of personal honor, integrity, and selfdiscipline set a wonderful example for generations of washington and lee students,” wilson added.",1993-1994
among leybum’s objectives when he came to washington and lee were the strengthening of the university ’s academic standards and bringing the curriculum closer to  the liberal arts ideal.,1993-1994
mention the word on campus and many students instantly think you are pushing a “liberal agenda” or striving towards political correctness.,1993-1994
w&l ranked 20th among the nation’s best national liberal arts colleges in this year’s edition of u.s. news and world report’s college rankings.,1993-1994
amnesty lntemational s e the second option would seem chnelder . . and the w&l aclu ’ to be the wiser one for a liberal arts co-sponsored an ex— ’94 institutionlike w&l.,1993-1994
thus refusing to fund all “ideologically partisan” organizations would result in a vitually one-sided exchange of ideas  on campus— certainly not beﬁtting of a liberal arts:  while keeping on the payroll other ideological organizations has the stench of blatant “political correctness.“ hopefully the ec will sensibly rectify this situation in a tirrﬁly fassion before amnesty and the aclu are forced  the proposal looks very nice‘ onitjs sdffacé.,1993-1994
"university stands at crossroads  last week u.s. news and world report released its annual rankings of colleges which upgraded w&l to 20th among small liberal arts co1leges.the rise comes from the fact that w&l has more students who graduated in the top 10% of their class, a lower acceptance rate, and a higher sat average.",1993-1994
w&l provides a solid liberal  the academic environment would not improve due to a 50/50 ratio.,1993-1994
a learning environment arts education within a community that prides its pm‘ office box 899 indistinguishable from any other liberal arts college.,1993-1994
"it is part of an 11-member selective liberal arts consortium (slac) that counts bryn mawr, haverford, vassar and pomona among its members.",1993-1994
"for example, carleton college is often considered the pinnacle of liberal arts colleges.",1993-1994
i found it hard to believe this community so infiltrated with pc could actually foster liberal education.,1993-1994
free speech in a politically correct school is no longer considered a requirement for liberal education.,1993-1994
"preserved its unique position among liberal arts colleges for generations, it would be a tragedy to see the new president make it just another ordinary pc saturated college.",1993-1994
students who want a liberal arts education prefer to avoid institutions which pursue the politically correct and neglect legitimate education.,1993-1994
they are one of the_ major reasons w&l ranks high] on the lists of top liberal arts colleges like that published by u.s. news and world reports.,1993-1994
"if it were not for the women on this campus, w&l would be nothing more than another mediocre liberal arts college, instead of 20th in the nation.",1993-1994
the university has taken best—buy honors in u.s. news & world report ’s rankings of liberal arts colleges for three years running.,1993-1994
"_ _ ‘  w&l’s net assets —~— $181 million in 1991 — are less than half those of amherst and williams in massachusetts and swarthmore in pennsylvania, the three school u.s. news picked as the top liberal arts colleges in the country.",1993-1994
"skﬁitr  \'1  3 c your student 3 -*  redeemable for breakfast,      l.  ‘i                                                                                                                                   0 the fling-tum phi, october 29, 1993  liberal—arts institutions in that area, institutions which have been very successful overthe y rs the compounding effects of gifts is incredible.”  mcmillan said broomall is right.",1993-1994
"elrod said the undergraduate programs at the eight colleges in the study, all of which outranked w&l in the last u.s. news and world report survey of liberal arts colleges, do offer a good basis of comparison for w&l.",1993-1994
chretien takes over as prime minister of canada  liberal party leader jean chretien took over as prime minister of canada thursday after the labor party was catapulted into power in reaction to voter dissatisfaction with the economy.,1993-1994
"the liberals pulverized the opposition in last week’s general election, winning 177 of the 295 seats in the house of commons.",1993-1994
mcwilliams said the ideas presented in the book represent “the essence of co ervatism and the essence of liberalism and the essence of what jesus taught.,1993-1994
"of career development and placement, the selective liberal arts consortium sponsors interviewing days with various companies in new york, atlanta, washington, d.c., chicago, los angeles and philadel phia.",1993-1994
"without the honor system, w&l is little more than an obscure small liberal arts college in a small town.",1993-1994
"quotes of the week:  “and the award for the fastest dong goes to ka and phi delt.” ——a theta at the “gong” show  “what’s on your mind?” ——an audience member ’s response  “the colonnade is a paradise for brick fettishists.”  —english professor george ray  opinion  the ring-tum phl, november 12, 1999 v  :73 \'  black studies would debase w&l  looking at most college catalogues you would not notice that they fail to provide their students with a liberal arts education.they are full of statistics on how diverse the student body is and statements on the institution’s commitment to multi—culturalism.",1993-1994
"these facts, along with a lot of pretty pictures, give the impression that the school’s “diversity,” both in its student body and curriculum, will make its students well rounded; liberally educated.",1993-1994
"they do not seek a “diversity” of ideas, rather they only want more liberalism.",1993-1994
we might as well call it a liberal activist major.,1993-1994
"“a college experience,” mr. branam say “should be expanding your horizons.” unfortunately the only expanding of horizons that would occur with a black studies major is the expanding of the liberal position.",1993-1994
washington and lee has for the most part avoided engaging in this debasing of liberal education.,1993-1994
"this is what a liberal arts education is suppose to entail, not specializing in one narrow topic.",1993-1994
"recently a proposition has been put forth that would, if successful, begin decaying w&l’s tradition of producing liberally educated graduates.",1993-1994
"anyone sincerely concerned with obtaining a liberal arts education certainly is aware of the values of alternative points of view, but a black studies major would not bring new viewpoints to w&l.",1993-1994
a black studies major would only further promote the same old liberal viewpoint that is already adequately represented on campus.,1993-1994
the only students who would generally ﬁnd such a major of interests are liberals.,1993-1994
or is it that he only wants a diversity of liberalism?,1993-1994
"can any one claim to be liberally educated who is unfamiliar with the works of shakespeare, locke or newton?",1993-1994
the latter are important works that any liberally education person should understand.,1993-1994
"trying to replace them with works of lesser value, simply to have minority writers, corrodes the  ideal of liberal education.",1993-1994
\' those advocating diversity as a means to open student minds to new ideas should realize that a liberal art education achieves this goal.,1993-1994
"this is what a liberal arts education is suppose to entail, not specializing in one narrow topic.",1993-1994
the point is that a liberal arts education examines the contributions of all groups to the intellectual achievements of mankind.,1993-1994
hopefully they understand the purpose of a liberal education and will accordingly disregard the proposals.,1993-1994
our liberal democratic society requires a presumption of innocence unless guilt is proven in a court of law.,1993-1994
u.s. news and world report ranked w&l 20th in the national liberal art  college category.,1993-1994
if you would like more information please call john white at 464-8560 or 377-2225. volunteer training starts on jan. 15.  columnists  the phiislookingforabiweekly liberal political columnist.,1993-1994
". . . . . . . . . . . . . . . . . . . . . . . . . . . . . . . . . . .. sally obennueller would pa‘ _ . make 3 0n_g vane"" pa em_s\'gm lcancetotwo olen couma 1 lty‘ , _  glnivenising assistant , _ _ , , , _ _ _ , , _ , , _ , _ _ _ , , , , _ , _ _ _ , , _ _ , , _ _ _ , , , , brian widene, tiently wait for a briton to hit the ball story short, l3roughton pouredout his dead american so, if the afn—  icncniniion manager , , , , , , , , , _ _ , , , , _ , , , _ , , , _ , _ , , , , , , , _ _ _ . . ,,i3nan carpenter over the fence, so he could dutifully life, quite liberally, combating the soldiers.",1993-1994
"an  officer that is anti-gay is more likely to actively investigate and effect the prosecution of conduct violations, while a more liberal officer may chose to overlook some minor violations.",1993-1994
"if you ask w&l students what brought them to this small liberal arts school in southern virginia, many ofthem will tell youthe honor system played a role in their decision.",1993-1994
the language lab is under the direction of p. richard kuettner who has already made the language laba leader amongthe facilities at other liberal arts colleges.,1993-1994
"to believe that environmentalists are  sports editor . . . . . . . . . . . . . . . . . . . . . . . . . . . . . . . . . . . . . . . . . . . . . . . . .sarah gilbert ""lg nuts and bet"" dlsposal may tllere \'5 3 difficulty ln lecxcllnga e5pe\' pan of some liberal fringe that wlll  assistant sports editor .",1993-1994
"miles commented that w&l is “doing extremely well against [other liberal arts schools], applications are way up in the law school as well —— both are  i3-8084-8585-06868787-8888-8989-9090-9191-9292-9393-9494-95 %increue 6.67 10.18 7.53 6.32 8.32 6.18 10.36 7.20 7.23 6.08 6.08 4.31 ’ dp  running against the national trend.",1993-1994
"a i bigdeali daddy’: alraudypaidtbar mucbinpnlzing tioéezsl wowwbmigtbls o photographers’ o \'0  limbaugh misjudges liberal values  deﬁnition, i qualify as an “environmental wacko.” i do believe that the earth is fragile and that man is its greatest enemy.",1993-1994
"before anyone beginsto imagine that i agree with him, rush is completely wrong in characterizing the ideals and motivations of most liberals.",1993-1994
there are some people who claim to be liberals and take on causes to promote themselves.,1993-1994
"however, for myself and most liberals i know the goal isto help people help themselves and to preserve things important to man, such as the earth.",1993-1994
"rush suggests that many liberals run foundations purely so they can siphon off large sums of money for themselves, while still feeling good about helping someone.",1993-1994
"however, most liberals do not run foundations.",1993-1994
rush also suggests that liberals prefer to throw money at a problem instead of actually solving it.,1993-1994
"first of all, this is hardly a liberal fault.",1993-1994
"on the other hand, the liberal community has been engaged in teaching people about means of preventing the spread of the disease.",1993-1994
it is true that it would be impossible to give a detailed history of every ethnic group in  most liberals do not run foundations.,1993-1994
"the argument undergirding mr. kucera’s entire case against govemmental restrictions on the recreational use of marijuana, seemingly, is summed up in this one phrase of his: “in a country which puts a high premium on freedom, those behaviors which do not harm society should not be legislated against.” in essence, kucera restates for us the age-old bit of liberal wisdom that non-invasive morality (involving moral choices that directly involveonly the chooser, like smoking marijuana by oneself) are the individual’s business, and not the state’s.",1993-1994
paralleling his rise has been the (political) liberalizing of the college to an amazing extend.,1993-1994
"there is much more at stake here  \' liberal arts is the  than simply not having a place to drink beer; it is a question of the right of assembly, a right which could, and has, been equally established for women via sororities.",1993-1994
"what the students of this university must make clear to the presidential search committee is that we do not want just another northeastern liberal arts college, whose notion of  requirement of a women’s history course or one in underwater bas when i heard this i thought it was good news,  as a washington and lee student, and (hopefully) future alumnus l implore the search committee to seek out a president who knows w&l.",1993-1994
"this individual need not, necessarily, be a w&l alumnus; he must be one who believes in what a liberal arts education means.",1993-1994
another northeastern liberal (arts) col lege.,1993-1994
"brian richardson publications board advisor     i terviews and photos y joe framptom o  tt jackson, ’94, hanover, pa. — eam of broccoli because it will  with you the rest of the day.” inside.” 0     talkback  a column, ‘-‘limbaugh misjudges liberal‘  film  the film society presents like water for chocolate (mexico, 1993), directed by alfonso arau.",1993-1994
"unfortunately, nova clarke misunderstands this capitalist idea in her recent  values.‘-’>’c~m~ ~‘~   miss clarke claims that “rush is completely wrong in characterizing the ideals and motivations of most liberals,” but it is her that is wrong in characterizing rush limbaugh himself.",1993-1994
"granted, rush limbaugh does clothe his ideas in a language and style that is appealingto most ofhis viewers, but he does not characterize liberals in the way miss clarke claims he does.",1993-1994
"rush limbaugh would indeed characterize miss clarke as a liberal, but not only politically.",1993-1994
rush would lump miss clarke with other liberals in the way she handled her column.,1993-1994
"then, she ended her column with a list of all the wonderful things liberalism has to offer.",1993-1994
"rush agrees that many liberals do have good intentions, but he also believes that these good intentions and the emotions that go along with them are the things that need to stay out of politics.",1993-1994
"liberals claim that “we must care,” when what we really need to do is think.",1993-1994
"likewise, many liberals today refuse to allow white parents to adopt black babies, claiming that black babies’ “ethnic identities and culture” will be threatened should this be allowed, but the long-term effects of this emotional issue are again ignored and not fully thought out.",1993-1994
"rush would agree with many of the liberal ends of policy; no one is for poverty, toxic waste, or aids babies.",1993-1994
"but liberals like miss clarke think that only their emotional, irrational policies are the cure and that they are the only ones that “care.”  this is the way rush limbaugh characterizes liberals, not by petty concerns over money and selﬁshness as nova clarke suggests.",1993-1994
“symbolism over substance” and “emotion over thought” are the real concerns that rush has about liberals.,1993-1994
"lorig said seniors can participate in programs such as the selective liberal arts consortium, or slac.",1993-1994
"the effort inspired national attention when radio commentator howard stern called the w&l campus, “the damndest.bunch of liberals i’ve ever seen.”               page 4 of 10  ring  by amy fisher phi psyeo slut      3|-lpﬂllil  financial problems plague you this week.",1993-1994
i hope all liberals of good faith will join me in advancing these important goals:  1) the hierarchy of american society should be immediately stripped of all wealth and power.,1993-1994
‘  the right-winged five to 10 percent of the students who want to see me as the dogmatic liberal female.,1993-1994
"this may be so, but the alternative        the concept is foreign to.many of my classmates from high school attending liberal colleges in northern cities,/a barn in the middle of the country,   that when days such as those of this past week role of reducing the signifisurrounded by fields, ‘ . . around, students often don’t, thus they have invented cance of the fraternities \' in which bands come  i spring term.",1993-1994
"we aim to discuss topics relevant to a liberal arts education including those that are social, political, philosophical, religious, economic, scientiﬁc, artistic, historic, or literary in nature.",1993-1994
"at such a small liberal arts university as this, it  ’ would seem practical to have a universal registration  procedure, for inter-departmental fairness if nothing else.",1993-1994
he putsforthsuccinctlythe problemsandvirtuesof both black liberalism and conserv_atism.,1993-1994
"we aim to discuss topics relevant to a liberal arts education including those that are social, political, philosophical, religious, economic, scientiﬁc, artistic, historic, or literary in nature.",1993-1994
"this latest brain cloud to come out of the dean of students office is yet another example of the administration wanting to be just like every other liberal arts school in the top 25 of the u. s. news and world report, so we can rise in the rankings.",1993-1994
we are not every other liberal arts college and we should not try  to be.,1993-1994
"oh, l forgot to mention the most important part, invite all your liberal friends (provided you still have any liberal friends) and make them watch this tirade of pleasure.",1993-1994
"other protests have reportedly been filed including absence of a written bocce constitution, failure to mow the grass on the lee-jackson field, darkness, lopsided bocce balls, and confusion about the place of bocce at a distinguished liberal arts  college.",1993-1994
"if you have any information re \' garding this incident or any other  similar to it, please notify the lexington police at 463-2112.  graham-lee-wash. society debates u.s. news ranking  by michael hewleti‘ phi staff writer  should washington and lee strive to be one of the top 25 liberal arts colleges in the united states?",1993-1994
"kull said the people who calculate the rankings of the top 25 liberal arts colleges do not care about"" the""unique-‘traditions of washington and lee and neither do the students.",1993-1994
"infonnal interview and never had to  kathleen eastland, who will teach french at darlington school in rome, ga., used the career ofﬁce to schedule her interview through the selective liberal arts consortium.",1993-1994
this is the place  you came to one of the best liberal arts universities in the country because you wanted to be challenged.,1994-1995
you can bet that a four-year soccer player is in good shape and has aquired some of that great well-roundedness that liberal arts universities are so famous for.,1994-1995
w1!‘ now be three showings of each ﬁlm: mouseisreleasedfromprisonandlook“a few liberal libraries and the make you think hard about the trifnday at3;()0 ann saturday at7;0(land ing for the person who turned him in to school system had wanted to ban the umphs and tragedies of human life.,1994-1995
addverted to the preing to aristide’s vious pattern of  questionable credentials as a liberalminded democrat is his reputation as a quasi-marxist.,1994-1995
"w&l is now the 15th best liberal arts school in the nation, according to u.s. news.",1994-1995
"w&l, along with 163 other schools, belongs to the category of national liberal arts colleges.",1994-1995
"a liberal arts institution as fine as washington and lee (it is, after all, number 15 in the nation) should be able to generate more interest in creative and visual art.",1994-1995
liberalthan the i s m . o t h e r what i w a y   m e a n around.,1994-1995
"and second, this focus on people in suggest, then, is that liberalism is much more than just a maniacal collection of conupt and despicable politicians; it is, rather, in its most dangerous form, a mindset — a mindset that enjoys considerable currency with the american people.",1994-1995
"perhaps spotting me as a liberal, she explained, “lt’s not as easy to get a gun in virginia as you might think.” it was all terribly enl i g h t e n i n g and, at least for a moment, took my mind off of the fact that a shotgun hanging from the ceiling on display was pointed at my head.",1994-1995
"meet the banker  all students are invited to “meet the banker.” matt steilberg, ’87, an english and german major who works for first union bank will be on campus oct. 19 between 1:00 and 2:00 in the career development ofﬁce library, to discuss how a liberal arts degree translates to the business world.",1994-1995
"this attitude is precisely what cosmopolitan, liberalminded modemists believe leads to war, division, and hatred.",1994-1995
“thish ish how we shcare those liberals!” he yelled.,1994-1995
"“nashty, nashty liberals!” he mugged and vamped and the crowd went wild.“that’s right, he’s got it, they oughta be scared,” said a man in the crowd.",1994-1995
"“the college republicans are happy  with the results becuase the mood of  the campus has been more liberal,” he  for several hours.”  she said the election does not accurately predict how the virginians will vote, citing that only a tenth of the students voted in the election.",1994-1995
the inclusion of this literature violates the spirit of a liberal arts college.,1994-1995
"in 1994, however, voters realized that re-electing these liberal democrats meant more of the same.",1994-1995
"and of those liberal democrats who managed to hold onto their seats in congress, majority (soon to be minority) leader dick gephardt, and perhaps the biggest symbol of the liberal establishment, senator ted kennedy, all squeaked by on tuesday.",1994-1995
"kennedy won narrowly in the most liberal in the nation, the people’s republic of massachusetts.",1994-1995
"even if the throw the bums out attitude was prevalent in the election, it was a throw the liberal bums out.",1994-1995
"not one republican incumbent in the house or senate lost his/her re-election bid, in sharp contrast to the  general could offer their ideas in sharp contrast to the ideas of the liberal establishment.",1994-1995
"1996,“the lesser ers will of two decide if evils, but b i i 1  because americans voted for republicans and theirideasoverthe liberal establishment.",1994-1995
"“a lot of people on contact felt she was a liberal crackpot.”  the committee decided against bringing guinier to campus, but the american civil liberties union, the minority student association, and other organizations are bringing her to campus in february.",1994-1995
smith spoke thursday in lee chapel on “the origins of leadership: a liberal arts perspective” during the founders’ day/omicron delta kappa convocation.,1994-1995
he talked about how a liberal arts education can provide the foundation for leadership.,1994-1995
"“it’s been my opinion that a liberal arts education is the source of social leadership,” he said.",1994-1995
smith believes a liberal arts education shapes this perspective and provides moral literacy.,1994-1995
"for me visceral doe_sn’t ‘imply the big-hearted liberals, but the democrats who are emotionally tied into the country as a whole.",1994-1995
". . . . . . . . . . . . . . . . . . . . . . . . . . . . . . . . . . . . . . . . . . . . .stephen williard ingly devoted to the ljbemj democratic regime, and future generations away from a liberal society.",1994-1995
"-—rita yeung , lam tin , hong kong _  international overvievv  by melba merritt crossroads staff writer  aside from attracting top students from all across america due impart to its prestige of being ranked one of the best liberal arts schools in the country, washington & lee has also attracted a number of students from foreign countries.",1994-1995
"“mylie evers (the new president of naacp) told everyone she was going to turn the organization around, with a new agenda, and then said they were going to be the cat’s paw of the democratic liberal agenda in washington,” keyes said.",1994-1995
"language and liberal arts programs  el belize cl niamey, niger d grenoble, france u oxford, england el haifa, israel d padova.",1994-1995
"on halloween, 1994, the supreme court granted certiorari, setting the stage for, as pat buchanan might describe it if he were a liberal hothead instead of a reactionary one, one of the greatest acts of legal cross-dressing in history.",1994-1995
"the black liberal establishment, as he sees it, has distanced itself from the black community and has assisted in the destructive policies of the liberals.",1994-1995
"people seem to equate that with a  o t e  l’ve been called a raving liberal but taken positions on feminist, 07‘ at least the other feministissue,whenitisreallyamatter _ neveraemotional female (at least that issues that oppose no h t eo le example i ofcouitesy;iholddoorsopenforpeople “does anyone have a g-str1ng?” ican remember).",1994-1995
we are unique among liberal arts colleges in our tradition and student freedom in learning in various extra-curricular settings.,1994-1995
"i came from portland, oregon, hotbed of liberalism and the “alternative culture,” and at ﬁrst, i did not understand the south, the invincibility of time-honored traditions or the ultra-conservatism of this school.",1994-1995
"it’s a heinous plot, and since i’m from california, it’s my duty...  y’know, the basic problem with pat buchanan is, he’s a liberal panderer.",1994-1995
"unique, such as student freedom to make decisions, and are more concerned with w&l making the list for top american liberal arts schools in u.s. news and world report, webb said.",1994-1995
"by this line of reasoning, amherst and williams are the nearest thing to perfection that any liberal arts college can hope to achieve, and we ought to concentrate our efforts on following their esteemed examples.",1994-1995
"the truth is, of course, that fraternities are offensive to some left-leaning bureaucrats for reasons other than simply their ten dency to promote the irresponsible use _  of alcohol; many members of the w&l community also want to abolish fraternities in order to help exorcise any lingering ghosts of gender distinctions frorri our society, which is, it goes without saying, far aﬁeld from the primary purpose of a liberal arts college.",1994-1995
"1, for one, came here,’ and forswore more typical liberal arts colleges, for a very good reason: w&l is unique among american universities for its high academic, cultural and ethical standards.",1994-1995
"“the challenge is... not to tell the world what we’re opposed to,” said kemp, “the question isn\'t what we’re against, but what we’re for.”  kemp expressed the need for everyone to work with together and participate in light of the recent oklahoma city federal building bombing.“the events in oklahoma remind us of how much we have at stake...” kemp said, “we have the responsibility of protecting the greatest liberal democracy on the face of the earth, and this great university is at the epicenter of preserving that system.”  after 13 years playing professional football, kemp was elected to congress in 1970 as a representative from buffalo, new york.",1994-1995
"page 8  opinion  faculty breaches of autonomy have gone too far  ii>from autonomy, page 7  faculty and administrative intervention stem from an attempt to compete with other similar liberal arts schools, notably davidson, which is the only other prominent southern school in the u.s. news and world report rankings.",1994-1995
faculty and administration members take note: i am no left-wing liberal crackpot who feels that this school owes him anything more than he has earned.,1994-1995
van dyke said homogeneity conflicts with the goals of a liberal arts education.,1994-1995
"“the goal of a liberal arts education is to open yourself to different people.”  once the main debaters had made  by cindy young phi news editor  home to such campus events as the evans dining hall pig roast and the mr. w&l pageant, the baker quad last wednesday, may 17, set the stage for the first annual kappa alpha theta  date auction.",1994-1995
"(i realize this sounds rather silly and perhaps a bit...tortured, for lack of a better word—like an overly sensitive liberal or something—but i am trying to recreate my own thought processes here.)",1994-1995
tional liberal arts college in the nation.,1995-1996
",3, college search, however, the university does focus “we should be proud to beincluded on the areas to which surveyors look among the best national liberal arts when s00rlhgthus, the uhlv¢fsity colleges in the country,” said dean of wins these accolades largely by destudents david howison.",1995-1996
national liberal arts colleges are also highly selective but emphasize — and award more than 40 percent of their degrees in — the liberal arts.,1995-1996
"since the 1996 election, the liberal media has been chanting the mantra that the voters merely had a tantrum in 1994, denying any ideological bent to the change in the fervent hope that it will become accepted fact.",1995-1996
w&l ranked 15th in the national liberal arts colleges category.,1995-1996
"seniors especially need to be aware that the deadline for submitting resumes for j anuary’s selective liberal arts job fair is october 27. last year, the lob fair brought 131 employers to w&l to conduct oncampus interviews with seniors.",1995-1996
he also illustrated a very important ﬂaw in modem liberalism.,1995-1996
"at its root, there is little to be faulted in liberalism.",1995-1996
"liberalism incessantly promotes a crisis mentality, in order to provide some justiﬁcation, however specious, for the expansion of government to deal with the current exigency.",1995-1996
"rather, it represents nothing more than liberal demagoguing on the issue of race, and it only succeeds in trivializing the nazi regime.",1995-1996
",.,and,,l_est you think this propensity  ,fo""r’”o”r’at’or’ical exaggeration is solely  an individual problem of""""mr. cochran’s, let me illustrate a few more examples of this never-ending liberal tendency toward irresponsibility and lack of perspective.",1995-1996
"and while environmentalists at its root, there is little to be faulted in liberalism.",1995-1996
"none of this is to say that legitimate oroblems don’t exist, but it greatly hurts efforts to solve these problems for liberals to abandon responsible debate in favor of scoring points with short-tenn fearmongering and irresponsible exaggeration.",1995-1996
"film society ‘  liberal arts and science mawashington and lee\'s film jors interested in the slac job society will present clerks friday, fairs should submit their resumes  by oct. 27. interested students can get more information by stopping by  there is no charge for admission and the career development and placel  the public as well as the w&l commerit office.",1995-1996
"1 5 p.m. 463-2186  advertsemen ts  the ring-tum phi, october 6, 1995  17 s. main st. 463-9730  florist to the homestead  washington and lee   « selective liberal arts consortium job fairs  iislter.\'\\/ievvs in: atlanta, chicago, dc, nezo york, philadelphia, san francisco  hu.man renourceslpersonnel ’ museums teachin coaching scientific writ-ing advertis.",1995-1996
intervievving event for liberal arts a\'nd science l\\/ia}ors!!,1995-1996
"‘  although the wildcats are not a member of the old dominion athletic conference, davidson and w&l are similar liberal arts colleges who have created a rivalry both’ on the field and in the classroom.",1995-1996
"in the 1995 u.s. news and world report rankings of the nation’s best liberal arts schools, w&l rated 15th, while davidson plunged to 21st after being ranked 8th in 1994.  on the gridiron, the generals also hold an edge, leading the all-time series, 16-10-1.  above: robert hull had 16 tackles in the \'94 homecoming game against randolph-macon.",1995-1996
robertson asked that we “leave him alone in his glory.”  he also completely revamped the curriculum for the college of william and mary by eliminating all religion courses and placing a heavy emphasis on the liberal arts.,1995-1996
slac job fairs  liberal arts and science majors interested in the slac job fairs should submit their resumes by oct. 27.  flu shots  student health will be giving ﬂu shots starting oct. 15. the cost is $5.,1995-1996
"coulling ‘46 presented “greetings from more than 19,000 alumni.” he claimed that elrod has gained their confidence through his own love of the university, his “appreciation of its tradition and heritage” and his strong “faith in the importance of liberal education.” coulling assured elrod the continued loyalty and support of the university’s many alumni.",1995-1996
"kuykendall chose to consider the seemingly questionable future of liberal learning, a timely topic in light of the university’s upcoming bicenquinquagenary (250th anniversary).",1995-1996
"john w. elrod inaugurated»  up elrod, from page 1  think about the value of liberal arts institutions such as w&l.",1995-1996
"by self-consciousness, kuykendall was referring to the idea that people who attend small liberal arts institutions take themselves seriously and come with a desire to grow.",1995-1996
a liberal arts education teaches us to ask “why” things are the way they are rather than practicing blind acceptance.,1995-1996
. . useless presents like books which told me everything about the wasp but why.”’ our mission is to realize and teach the necessity of asking “why?” in order to ﬁnd “the best and most appropriate way to say because.”  liberal learning insists upon probing further with “whys” so that students may make careful choices.,1995-1996
"this is a crucial part of liberal learning, as we strive to “understand the connections between and among all of the things we learn” claims kuykendall.",1995-1996
"“the far middle” is a term invented by cartoonist jeff macnelly of the chicago tribune in his comic strip, “pluggers,” to describe the giant gulf that exists between the failed liberal agenda represented by the democrats and the frankly frightening stridency of the far right which seems to have taken over the republican party.",1995-1996
"liberalism had died long before that, but somehow the democrats were able to throw up a president with their dying breath.",1995-1996
"there are two more days of practice interviewing this term: wednesday, oct. 25 and thursday, nov. 9.  general  notes     slac job fairs  liberal arts and science majors interested in the slac job fairs should submit their resumés by oct. 27.  study in hong kong  there’s still time to apply for a year in hong kong at chung chi university!",1995-1996
-——--—-— c ‘—--—-j group for liberal whileitisnot causes at all a partisan   tax.,1995-1996
"name liberal organizations that  non-governmental policy groups with  the american bar association     use large por he or she dis_ received $2.2 miltions of their . . lion in tax dollars budget to lobby ¢lg7\'€€sthls vlolates between july the federal govthe heart of 1993 and july z""‘.‘“§""§.",1995-1996
and there are dozens of other examples of liberal groups funded in various ways.,1995-1996
"ironically, liberals’ main argument against the istook amendment sounds  will destroy the first amendment’s rights to free speech and to petition the government.",1995-1996
the only reason this bill has any “partisan” character at all is that liberal interest groups are desperate to protect their main source of funding: the bloated federal government.,1995-1996
the outrage of liberals on this issue immediately leads one to ask why they can’t raise money without coercing it fromthe taxpayer.,1995-1996
"the american taxpayer should not be forced to pay for the life support of these relics of the discredited big-government, social-engineering liberal agenda, especially in a time of fiscal responsibility.",1995-1996
"you’ve probably ,heard the many outraged liberal denunciations of this book.",1995-1996
"i bought d’souza’s book partly because i figured that if it had drawn such condemnation from the entrenched liberal civil rights establishment, it probably had more than a grain of truth to it.",1995-1996
"d’souza provides an in depth look at the origins of the modern liberal commitment to group equality and proportional representation, ideas that have become gospel without any serious reasoned support.",1995-1996
d’souza presents the central dilemma for liberals clearly.,1995-1996
yet liberals have been puzzled as to why a reliance on merit has not produced a greater change in black achievement.,1995-1996
"however, many liberal civil rights’ activists see this as insufficient and reject all merit-based standardized tests, which invariably show a large gap between white and black achievement.",1995-1996
these large merit gaps have led liberal coalitions to oppose all testing and job qualification standards as inherently racist.,1995-1996
"he argues that having achieved formal equality, blacks must now address these cultural problems, which liberals refuse to acknowledge because it threatens their belief in cultural relativism.",1995-1996
"“in most law schools, the liberal view of law is far ahead.” ‘  he argued that most law schools and schools in general have become politicized.",1995-1996
"“we expect this to be our most successful contest ever, and hope that members of the w&l community as well as  irobert bork critiques supreme court  he said the supreme court is simply pushing a modern liberal agenda.",1995-1996
"liberals applaud draconian environmental restrictions, which have jailed people for filling in puddles on their property with soil.",1995-1996
"as a senior in high school, he knew he  , wanted a small liberal arts col lege with “an excellent academic reputation and that had lots of mountains and rivers around it.” he thought about attending law school one day but didn’t set any specific goals.",1995-1996
"after all, this campus is not a hotbed of radical liberalism, multi-culturalism, or rabid affirmitve action supporters.",1995-1996
"o’rourke castigates whiners of america  my view  celeste rasmussen, ’98  when debating about politics with some of my liberal friends, factual contentions and constructive reasoning usually turn into dirty attacks.",1995-1996
that all slurs clauseassuperior lar liberal views on.,1995-1996
"page 4  ellie ring-tum lﬂlii  the student voice of washington and lee founded september 18, 1897  journalism’s invisible choices  in today’s political climate, journalists, whether in print or broadcast, are vilified as cold-hearted, aggressive, liberal and amoral individuals.",1995-1996
"so here’s my take on it: you see, while i do think that the media has a bit of a liberal bias, i don’t see that as their main problem.",1995-1996
"key qualifications include an interest in banking, scholastic and leadership excellence and all maiors (including all liberal arts or science majors as well as commerce majors).",1995-1996
"america has not been racist, and liberals’ contention that it is only hurts black peoplenot help them.",1995-1996
liberal arguments about discrimination and racism are based on hogwash.,1995-1996
"the book is called the machinery of freedom, and i will quote from it liberally.",1995-1996
they argue that  such majors detract from what a liberal arts educa tion should be ‘arid serves asa rjoliticaltoolofthe left‘  to indoctrinate students with their “agenda.,1996-1997
"she believes that “every liberal arts college needs a dance program,” especially  oneaswell-known and\'respectedaswash ington and lee.",1996-1997
but although our liberal arts education here at w&l does some things to make us well-rounded individualsﬂ think it’s the experience that we have here that allows  .,1996-1997
"but contrary to what the liberal media would have you believe, the republican party need not fear the issue or the platform plank.",1996-1997
"students will not have a major, but will all take core courses focusing on “great books.”  the “great books” program is modeled after the curriculum at st. john’s college, a very small liberal arts college in annapolis, maryland.",1996-1997
"just swipe your university card, wait’for the green light, the door unlocks, and  general notes  according to information released by u.s. news & world report magazine, washington and lee university is now ranked 13th among the nations top liberal arts colleges and universities.",1996-1997
"approximately seven hundred and fifty students, faculty members, and visitors swarmed into the warner center to hear  brownlee speak on the value of a liberal arts education.",1996-1997
"many of you may remember hearing in econ 101 that if the mandated minimum wage is higher than the benefits a business would reap from hiring another worker, that business will refrain from hir are you a liberal democrat?",1996-1997
"but the next time you hear a liberal democrat telling you hoe government can intervene in the economy, whether in the realm of health care, the minimum wage, or some other measure, and not cause any problems, think about the extra course in economics w&l work-study students are receiving this fall.",1996-1997
"about 20_ blazers and sundresses start of the academic ye the event was held in t skyrocketed to what felt                                     through the fluttering of programs 0 hand-held fans, seniors listened to the w9  liberal arts education.",1996-1997
"for further assistance in ﬁnding internships, students should attend one of the internship workshops offered by the cdpo, which are targeted to particular interest areas, liberal arts/ fine arts, c-school, sciences and communications.",1996-1997
"the contrast between these two issues is what divides and defines liberals and conserva one of my favorite bumper stickers is the one that reads, “it will be a perfect world when the schools will have all the money they need, and the  a air force has to hold a bake sale to buy a bomber.” this seemingly innocent display of irony gets down to the meat and potatoes of this debate.",1996-1997
"if to be a liberal means that i think the us should spend its money on teaching a child how to  “it can be safely stated that military , spending in the united states is out of control and  needs t o be stopped.”  read rather than buying an m-16, then i’ll stand on the top of washington hall and yell it to all of w&l and lexington.",1996-1997
but liberals believe that the federal government has the ability to be a positive institution by providing american citizens an equal opportunity through increased social programs.,1996-1997
"author d’souza speaks on racism  _ . dinesh d’souza, author of the end ofracism, will speak at lee chapel on oct.\'30 at 7 p.m. d’souza believes that the  goals of liberal education are lost and freedoms of speech and  thought are imperiled.",1996-1997
and talk to us  when its partytzmef qualifications...  -cumulative gpa of 3.0 -liberal arts or business degree .leadership skills i ‘ storig analytical skills  people who do well at may have...  -ability to produce results -ability to energize others the desire to learn -strong organizational skills  ‘advance notice required.,1996-1997
these restrictions have been nixed to allow more liberal contact rules.,1996-1997
"lailiguageouozf :ociai 0’ otyertypes ofethmc mus"": may see blackmer swebpagfas varlory of groups including arc of rockbridge the goals of a liberal education are lost, and the freescience and academia.",1996-1997
"there is some irony in the fact that i, a professed liberal and washington & lee student (ironic in  itself), am endorsing mark warner for senator »  and jeff grey for congress over w&l graduates john warner and bob goodlatte.",1996-1997
“we have programs like slac (selective liberal arts consortium) where students submit their resumes to various participating employers across the country.” says lorig.,1996-1997
"in accordance with the tradition of inviting one of the university’s professors to speak at the ceremony, professor eduardo a. velasquez, professor of politics, gave an address entitled “on the ‘liberality’ and ‘artifice’ of liberal arts.”  west-settle points to the society’s limited admission as testimony of both its high standards and of the prestige which it contributes to w&l.",1996-1997
"cjunmlative g,l?a, of 3,0 spring break \'97 sell \' abllltl’ c091‘1<’~t§lz€ 0?-he” ~ — liberal arts or business degree , trips, earn cash and go \' the desire to learn ~ leadership skills a free, — strong organizational skills » strong analytical skills sts is hiring campus reps. sell 15 trips and travel free!!!",1996-1997
"“there aren’t many exchange programs, and it seemed it would provide me with an interesting year.”  unlike w&l, oxford is not a “liberal arts” institution, so without “gen—eds” to worry about a degree would be far more intense in a certain subject.",1996-1997
"exchan e of ideas so we think it is important that the although someliberalartscolleges suchasamherst us,” summed up boetsch.",1996-1997
this is what a liberal arts school is about.,1996-1997
"the people i am really concerned about are those sophomore and freshmen that i see fumbling to survive in a liberal arts atmosphere, by simply following the formulas that got them here.",1996-1997
"this is about preparing students with a liberal education, one that will help them in many areas of theirlife, teaching them to think, to apply, to understand.",1996-1997
"finally, i would just like to make one statement: just because this column is written under the title “from the left” does not mean that this is exclusively a liberal viewpoint.",1996-1997
where conservativcs and liberals divide is over how such action should be taken.,1996-1997
1  send w&l down a slippery slope by introducing political correctness and other evils that could eventually “transform w&l into an ordinary liberal arts school of little appeal and less repute.”  christensen suggested that miller’s concerns consist of “pure paranoia” but miller cited “just about every other college” as evidence for his slippery slope argument.,1996-1997
"she also believes that “women on this campus are generally more liberal than the men.”  g&l, a controversial organization for homosexuals and bisexuals, has been under fire from all sides overthe last year.",1996-1997
—comfi1.ed by peggy stunz        fopinion  liberals take over board of trustees in erika woodson’s dream.,1996-1997
"after a couple of weeks, the w&l community made a shocking discovery: the new board of trustees were all liberals.",1996-1997
the consortium includes 12 of the nation’s top liberal arts colleges and receives its funding from the w. m. keck foundation.,1996-1997
he believes this is the difference between w&l and other top liberal arts schools.,1996-1997
"resmer, an english major from eastpointe, michigan, hasn’t always been a liberal feminist.",1996-1997
""" ""‘“tl""{e\'ﬁ,""l""vv6leé”up\' and began to  think for myself.”  since then, resmer has championed traditionally liberal causes.",1996-1997
"currently, the school’s liberal arts program center around the great arts,astudy ofliterature from plato to william shakespeare.",1996-1997
"the community tends to be extremely liberal and tolererrt of diversity within its ranks, but wary of outsiders.",1996-1997
these sentiments are not exclusively “liberal” or “democratic.” republican governors with large immigrant constituencieshavebecomeincreasingly worried and have recently gone publicwiihtheirconcems.,1996-1997
"‘liberal trend’ threatens no one  it’s spring term, i only have one class and the weather is too damed cold tocontemplateatripto goshen.",1996-1997
i cannot fathom how anyone could say that w&l is becoming liberal.,1996-1997
‘ how will a liberal point of elw affect w&l?,1996-1997
"virginia 24450 telephone: (540) 462-4060  fax: (540) 462-4059  e-mail: phi@wlu.edu     turning a liberal eye to w&l campus politics  since this is my last column ofthe year, i thought i would end with a few thoughts that have been ﬂoating around my mind for the past couple of months.",1996-1997
have i done such a poor job that i have converted myself from liberalism?,1996-1997
"to those students outside the politics depart ment who scurry around the science building, discussion about federal  verts to the liberal cause in the process.",1996-1997
"theater of the absurd comes to w&l when professor dominica radulescu’s french theater class performs this week in lenfest’s johnson theater  see page 3  opinion     despite the attempts of liberals gephardt and kennedy, all is well in our nation’s capital.",1996-1997
political miracle rescued from liberal interference  dick gcphardt is at it again.,1996-1997
two ofthe few remaining die-hard liberals in congress.,1996-1997
"[doubt these unemployed liberal arts majors can offer you much in the way of worldly accouterments, but at least you’ll know that your soul will be untouched in the afterlife.",1996-1997
~w&l’s rank is movin’  by andrea ewing —j—associate editor t washington and lee’s standing rose from 12th to 8th in the national ranking of liberal arts colleges in september’s u.s. news and world 4 report.,1996-1997
"according to the 1997 “best colleges” issue of the magazine, washington and lee is one of the ten best national liberal arts colleges.",1996-1997
"according to u.s. news and world report, there are 159 national liberal arts colleges based on the categories established by the carnegie foundation of the advancement of teaching.",1996-1997
"he was the w&l representative for the keck consortium, an undergraduate research project which sought to improve the quality of geology education at 12 liberal arts member colleges.",1996-1997
"third, u.s. news and world report recently ranked washington and lee as one of the eighth best liberal arts colleges in the country.",1996-1997
"he also reviews dramatic productions for the “village voice.”  the shannon-clark lectures in english, established by a gift from an anonymous w&l alumnus, honor the memories of edgar finley shannon, chairman ofthe english department from 1914 until his death in 193 8, and harriet mabel fishbum clark, a grandmother ofthe donor and a woman vitally interested in liberal education.",1996-1997
"even if the regula taking a lesson in dubyuhliberalism  since this is my first column of the year, i thought that i would use this opportunity to conduct my own type of orientation.",1996-1997
freshmen need time to adjust to the fact that there actually is a liberal washington and lee student who will put her name on this column twice a month.,1996-1997
"but before you decide that i am “evil” or “subversive” for being a liberal and a democrat, i wanted to give you some background about this column.",1996-1997
but please understand that my attempt to turn “a liberal eye to  fatalities in america.,1996-1997
"(warning — could scare off unsuspecting  northemers, westerners or liberals.)",1997-1998
"liberally r90rn5> 1°t5 of °n19n_a rnayba snrne douse chicken with worcestershire and ‘( pineapple the possibilities are limitsoy sauces’ salt, pepper and onion pow1655continue cookrng this rnixture, der.",1997-1998
"“i just like the designated area here where we can all hang out together.”  at wake forest university, a liberal arts school in winston-salem, n.c., with approximately 3,600 students, undergraduates relate to w&l students’ attitudes.",1997-1998
"(6   uote of the week:  y__ ‘  student 1: i thought that this was a small,  liberal arts school where you could always get  the classes you wanted.",1997-1998
"“the washington program works well with any liberal arts education because it exposes students to an array of different elements including history, politics, and science,” said jeremy adams, senior.",1997-1998
my utter disbelief stems from the liberal attitude mr. swensen took towards the facts.,1997-1998
"this club’s for you  “... and thank god that i just don’t care.”  —— the velvet underground, heroin  here at washington and lee, the ﬁve or six campus liberals can join the college democrats.",1997-1998
"“at a liberal arts university, there should be first-rate facilities for the arts.”  even though current music and art students will not benefit from the new facilities, there is excitement about the proposal.",1997-1998
"liberal arts $24,578 “it happened pretty quickly,” mess. . .. source: michigan state telecommunications $22,563 riedell said “i feel thatthejob market .",1997-1998
"sharecropping — “because it ’s the only thing liberal arts majors are qualiﬁedfor.” roadie for dhish uh, hey.",1997-1998
"three students were sus 94-95 <i><i><i><i><i><i><i><i>(i>(i><d(d  95-96  ¢¢¢¢®  96-97 (i><i><i><i>(i><l>(i>(i><i><d(d(i>d>(i>(i><d<d(i><i><i><i>cl>(i><l><i><d 97-98 <d<d<i>d><d<d<i>(i><i><i><d<d(i>(i><i>(i><d  washington and  lee’s rank falls  by eszier pados """"‘—""""""—""‘—""""staff ‘x/riier  washington and lee university has been ranked among the country’s top liberal arts colleges for the 12th consecutive year in u.s. news & world report magazine’s annual survey.",1998-1999
"w&l is now ranked 1 lth among national liberal arts colleges, the school’s second best ranking ever next to last year.",1998-1999
"“i’m going to try to stay in the business world.”  ellie ﬁling-tum lﬂhi september 28th, 1998 opinion:  dent, letters, quote of the week  w&life: bridge, 250th bulletin  j’ sports:  homecoming preview  justice for student athletes, challenge ﬁom alumni presi seniors and their futures, university scholars, natural  football ﬁnally victorious, men’s and women’s soccer, volleyball, rugby and ﬁeld hockey  page 2  page 3  page 4  page 7     iop\'.nion edi orial  september 28, 1998  page 2  student athletes deserve more credit  to fulﬁll the goal of administering a liberal arts education, this university forces us to participate in ﬁve trimesters of physical education.",1998-1999
now we’re pleased to announce that we’ve created a program for the rest of the school:  meet the panhandlers  a career development and placement office program designed especially for liberal arts majors.,1998-1999
the cdpo —— “because it’s your own damn fault for majoring in liberal arts.”        .,1998-1999
"the woodrow wilson visiting fellows program brings national leaders to the campuses of small liberal arts colleges for a week of classes, informal discussions with students and faculty and career counseling.",1998-1999
"oh well, maybe this means a new speaker will be elected and even the liberals will love him or her, then the president will see how good a leader can really be, realize the error of his ways, resign from ofﬁce, somehow re move al “the bore” gore, the american people will demand  ﬁce would  not only so’ newt is a respectable leader his own political career , (gingrich maybe?",1998-1999
"ﬁgures like   -7.ithe.lottg-jterrn‘ effects of ale ,ho1f\\vere=notparttoit‘our~  liberal,arts3education;t.we usedga drug-from a’?",1998-1999
"have °f’m° t°g°the_r.t° sign a _pr°°l‘_‘mati°"" lord, and i urge all god—fearing followers of jesus to join the pumpkins, whose album “mellon collie and the 7i     m is decrying the bib‘: as “too liberal’ “a\'1‘an\'fam1ly ’ and us in burning this blasphemous book,” rev.",1998-1999
"0r, t0 steal ‘c1 a liberal sprinkling of themes cinema the reason 1 hate this movie so don’twaste your time on this ﬁlm.",1998-1999
"pbk recognizes academic achievement and scholarship, and promotes the liberal arts education.",1998-1999
"chapters of pbk select and invite to membership students with an outstanding academic record, who have demonstrated some knowledge in math and foreign languages and have done three-fourths of their undergraduate work in the liberal arts and sciences.",1998-1999
"the entire student body, professors and parents were invited to applaud  joy gave an address to the new members on the importance of a liberal arts education, saying that she will “graduate in three months now with the ability to speak well, write well, and really think on [her] feet” as a result of her quality liberal arts education.",1998-1999
iiote of the week:  poison pen  the best way to achieve the personal freedom and equality liberals whine about so often is to cut taxes and put the money back in the hands of the people.,1998-1999
"friday, march 19, 8 p.m.  friday, march 24, 8 p.m.                          now printed on recycled,  low-cal  paper.’  the liberalamerican bit-vi=.i=.xlv  *”i3i"" rneaning publisnecl everg otner week and not pertaining to tne sexual or gencler—role orientation of tnis publication, altnougn we fullg support tne publication in ang lifestgle cnolce it snoulcl rnaée, be it gag, lesbian, bi-sexual.",1998-1999
i want our entire community to come together~— the liberal professors who constantly whine about how we’re not into this or that latest p.c.,1999-2000
walker (’99) and mary hight (’00) wrote essays on the presidency for a national     using latex to save babies  think science is weak at liberal arts schools like washington and lee?,1999-2000
"“the end of the century and the spirit of washington and lee,” focused on the importance of w&l’s liberal arts education.",1999-2000
"facts was white/caucasian this year, as  ’ about the school: opposed to 91.7 percent white/caucasian — u.s. news ranked w&l 1 1th for last year...so who says the administration isn’t undergraduate liberal arts colleges and actively seeking out minority students?",1999-2000
this year washington and lee university was added to the exclusive list of5l small liberal arts colleges who participate in the thomas j. watson fellowship program.,1999-2000
"so this year when we, as sophomores, ﬁll out our forms and declare our majors, i’ll think of all of you who will be declaring a ; liberal art, or whatever we’d agreed to call them.",1999-2000
news &  word report survey  washington and lee university is ranked 14th in this year’s u.s. news & world report rankings of the nation’s top liberal arts colleges.,1999-2000
this marks the 13th consecutive year that w&l has been ranked among the nation’s top liberal arts colleges by the magazine.,1999-2000
"the watson fellowship, which was instituted in 1968, consists ofa $22,000 stipend which is awarded annually to 60 students of select liberal arts colleges around the country.",1999-2000
"for more infonnation please call sonoklect director terry vosbein at 463-885 1.  howard to give shannon-clark lecture  jean e. howard, professor of english and director of the institute for research on women and gender at c0lumbia university, will deliver the annual shannon-clark lecture in english at washington and lee university on thursday, oct. 7 at 8 p.m.  the shannon-clark lectures in english, established by a gift from a washington and lee alumnus who wishes to remain anonymous, honor the memories of edgar finley shannon, chairman of w&l\'s english department from 1914 until his death in 1938, and harriet mabel fishbum clark, a grandmother of the donor and a woman vitally interested in liberal education.",1999-2000
"but this article is about bigotry, and about the new liberal academic method of dealing with it — a method that rea i sonable people should ﬁnd disturb ing at least and disgusting at best.",1999-2000
i don’t know if they are sweating now that w&l has slipped a few notches in the best liberal arts college rankings.,1999-2000
"“but in the end we decided that when w&l is finally dragged kicking and screaming ten years behind the rest of academia, swarthmore is the way to go.”  ordus academics, feel-good liberal activism and forced diversity programs that met the exacting criteria the administration was looking for.",1999-2000
a statistical analysis done by ec member john comly showed that the average student activity fee of six east coast liberal arts colleges was $21 i per student.,1999-2000
"the woodrow wilson visiting fellows program brings leaders in their ﬁelds to the campuses of small liberal arts colleges for a week of classes, informal discussions with students and faculty and career counseling.",1999-2000
"he broadened the liberal arts curriculum to include pre-professional programs such as engineering, journalism, and business.",1999-2000
"we end up with men like george w. and his shot at super-centrism with “compassionate conservatism,” a pathetic attempt to combine the feelgood warmth of liberalism with the common sense of conservatism.",1999-2000
"this shakespeare adaptation opens verrrure and aa degree rrr liberal arrs rrr desserrr probably a robert shakespeare’s friday, feb4 and runs through feb7 in the lenfest centen great com— truman college inchicago, inadmondavi 1997 fuméblanc reserve plays.” it runs edy.",1999-2000
"truck just seemed pretty neat to u10” achievement and scholarship, and to new and old pbk memchristopher edward hatzis rachel alaina perdue one or the toughest parts or the q3 what was 3 favorite itaiiovv‘ promotes the liberal arts education.",1999-2000
"sign-ups in front of the co—op during the day, and at d hall during dinner  til march 22nd  most l students lave  basetl on wet eon: survev data from 1998,1999  funded irv a grant from  i so  virginia ilenartment of alcoholic beverage control     e-mail general notes to  "" wlu.edu ""     technology exam offered  how can you stand out among the liberal arts graduates seeking internships and jobs in information age?",1999-2000
"the examination will be offered free of charge at washington and lee university from 5-10 p.m. on tuesday, april, 18.  tek.xain is an information technology certiﬁcation exam that tests and certiﬁes liberal arts students on computer literacy and information technology skills desired by employers.",1999-2000
"“people are a lot more liberal and open-minded in canada,” she said.",1999-2000
"those of a mad scientist.”  15 3 great liberal 3115 0011689, and “a lot of it will involve being on act one actlawo,  it s really hardto find one of those set for productions.",1999-2000
